Giornata,Data,Casa,Ospite
1,23/08/2026,Atalanta,Sassuolo
1,23/08/2026,Bologna,Lazio
1,23/08/2026,Frosinone,Juventus
1,23/08/2026,Genoa,Napoli
1,23/08/2026,Inter,Monza
1,23/08/2026,Parma,Cagliari
1,23/08/2026,Roma,Fiorentina
1,23/08/2026,Torino,Milan
1,23/08/2026,Udinese,Como
1,23/08/2026,Venezia,Lecce
2,30/08/2026,Atalanta,Bologna
2,30/08/2026,Cagliari,Inter
2,30/08/2026,Fiorentina,Frosinone
2,30/08/2026,Juventus,Parma
2,30/08/2026,Lazio,Genoa
2,30/08/2026,Lecce,Roma
2,30/08/2026,Milan,Venezia
2,30/08/2026,Monza,Udinese
2,30/08/2026,Napoli,Como
2,30/08/2026,Sassuolo,Torino
3,06/09/2026,Bologna,Sassuolo
3,06/09/2026,Cagliari,Lecce
3,06/09/2026,Fiorentina,Torino
3,06/09/2026,Frosinone,Venezia
3,06/09/2026,Genoa,Como
3,06/09/2026,Inter,Napoli
3,06/09/2026,Juventus,Milan
3,06/09/2026,Parma,Monza
3,06/09/2026,Roma,Atalanta
3,06/09/2026,Udinese,Lazio
4,13/09/2026,Atalanta,Cagliari
4,13/09/2026,Como,Parma
4,13/09/2026,Genoa,Frosinone
4,13/09/2026,Inter,Udinese
4,13/09/2026,Lazio,Milan
4,13/09/2026,Lecce,Monza
4,13/09/2026,Napoli,Bologna
4,13/09/2026,Sassuolo,Juventus
4,13/09/2026,Torino,Roma
4,13/09/2026,Venezia,Fiorentina
5,20/09/2026,Bologna,Torino
5,20/09/2026,Fiorentina,Napoli
5,20/09/2026,Frosinone,Como
5,20/09/2026,Juventus,Atalanta
5,20/09/2026,Milan,Lecce
5,20/09/2026,Monza,Sassuolo
5,20/09/2026,Parma,Genoa
5,20/09/2026,Roma,Inter
5,20/09/2026,Udinese,Cagliari
5,20/09/2026,Venezia,Lazio
6,11/10/2026,Atalanta,Venezia
6,11/10/2026,Cagliari,Juventus
6,11/10/2026,Como,Roma
6,11/10/2026,Genoa,Fiorentina
6,11/10/2026,Inter,Parma
6,11/10/2026,Lazio,Monza
6,11/10/2026,Lecce,Bologna
6,11/10/2026,Napoli,Frosinone
6,11/10/2026,Sassuolo,Milan
6,11/10/2026,Torino,Udinese
7,18/10/2026,Bologna,Inter
7,18/10/2026,Fiorentina,Como
7,18/10/2026,Frosinone,Sassuolo
7,18/10/2026,Juventus,Lazio
7,18/10/2026,Milan,Atalanta
7,18/10/2026,Monza,Cagliari
7,18/10/2026,Parma,Torino
7,18/10/2026,Roma,Genoa
7,18/10/2026,Udinese,Lecce
7,18/10/2026,Venezia,Napoli
8,25/10/2026,Atalanta,Frosinone
8,25/10/2026,Cagliari,Bologna
8,25/10/2026,Como,Sassuolo
8,25/10/2026,Genoa,Venezia
8,25/10/2026,Inter,Fiorentina
8,25/10/2026,Lazio,Parma
8,25/10/2026,Lecce,Juventus
8,25/10/2026,Napoli,Roma
8,25/10/2026,Torino,Monza
8,25/10/2026,Udinese,Milan
9,28/10/2026,Fiorentina,Atalanta
9,28/10/2026,Frosinone,Lecce
9,28/10/2026,Genoa,Juventus
9,28/10/2026,Milan,Bologna
9,28/10/2026,Monza,Napoli
9,28/10/2026,Parma,Udinese
9,28/10/2026,Roma,Cagliari
9,28/10/2026,Sassuolo,Lazio
9,28/10/2026,Torino,Como
9,28/10/2026,Venezia,Inter
10,01/11/2026,Atalanta,Parma
10,01/11/2026,Bologna,Monza
10,01/11/2026,Como,Venezia
10,01/11/2026,Frosinone,Torino
10,01/11/2026,Juventus,Napoli
10,01/11/2026,Lazio,Cagliari
10,01/11/2026,Lecce,Genoa
10,01/11/2026,Milan,Inter
10,01/11/2026,Sassuolo,Fiorentina
10,01/11/2026,Udinese,Roma
11,08/11/2026,Cagliari,Frosinone
11,08/11/2026,Fiorentina,Juventus
11,08/11/2026,Genoa,Milan
11,08/11/2026,Inter,Como
11,08/11/2026,Monza,Atalanta
11,08/11/2026,Napoli,Lazio
11,08/11/2026,Parma,Bologna
11,08/11/2026,Roma,Sassuolo
11,08/11/2026,Torino,Lecce
11,08/11/2026,Venezia,Udinese
12,22/11/2026,Atalanta,Inter
12,22/11/2026,Bologna,Udinese
12,22/11/2026,Como,Cagliari
12,22/11/2026,Juventus,Venezia
12,22/11/2026,Lazio,Lecce
12,22/11/2026,Milan,Frosinone
12,22/11/2026,Monza,Fiorentina
12,22/11/2026,Napoli,Torino
12,22/11/2026,Parma,Roma
12,22/11/2026,Sassuolo,Genoa
13,29/11/2026,Cagliari,Milan
13,29/11/2026,Como,Juventus
13,29/11/2026,Frosinone,Parma
13,29/11/2026,Inter,Genoa
13,29/11/2026,Lecce,Atalanta
13,29/11/2026,Roma,Monza
13,29/11/2026,Sassuolo,Napoli
13,29/11/2026,Torino,Lazio
13,29/11/2026,Udinese,Fiorentina
13,29/11/2026,Venezia,Bologna
14,06/12/2026,Bologna,Roma
14,06/12/2026,Fiorentina,Cagliari
14,06/12/2026,Frosinone,Inter
14,06/12/2026,Genoa,Torino
14,06/12/2026,Juventus,Udinese
14,06/12/2026,Lazio,Atalanta
14,06/12/2026,Milan,Parma
14,06/12/2026,Monza,Como
14,06/12/2026,Napoli,Lecce
14,06/12/2026,Venezia,Sassuolo
15,13/12/2026,Atalanta,Genoa
15,13/12/2026,Cagliari,Venezia
15,13/12/2026,Como,Bologna
15,13/12/2026,Inter,Torino
15,13/12/2026,Juventus,Monza
15,13/12/2026,Lazio,Roma
15,13/12/2026,Lecce,Sassuolo
15,13/12/2026,Napoli,Milan
15,13/12/2026,Parma,Fiorentina
15,13/12/2026,Udinese,Frosinone
16,20/12/2026,Atalanta,Napoli
16,20/12/2026,Fiorentina,Bologna
16,20/12/2026,Frosinone,Lazio
16,20/12/2026,Genoa,Udinese
16,20/12/2026,Lecce,Inter
16,20/12/2026,Milan,Como
16,20/12/2026,Roma,Juventus
16,20/12/2026,Sassuolo,Parma
16,20/12/2026,Torino,Cagliari
16,20/12/2026,Venezia,Monza
17,03/01/2027,Bologna,Juventus
17,03/01/2027,Cagliari,Genoa
17,03/01/2027,Como,Lecce
17,03/01/2027,Fiorentina,Lazio
17,03/01/2027,Inter,Sassuolo
17,03/01/2027,Monza,Milan
17,03/01/2027,Parma,Napoli
17,03/01/2027,Roma,Frosinone
17,03/01/2027,Torino,Venezia
17,03/01/2027,Udinese,Atalanta
18,06/01/2027,Atalanta,Como
18,06/01/2027,Frosinone,Bologna
18,06/01/2027,Genoa,Monza
18,06/01/2027,Juventus,Torino
18,06/01/2027,Lazio,Inter
18,06/01/2027,Lecce,Parma
18,06/01/2027,Milan,Fiorentina
18,06/01/2027,Napoli,Cagliari
18,06/01/2027,Sassuolo,Udinese
18,06/01/2027,Venezia,Roma
19,10/01/2027,Bologna,Genoa
19,10/01/2027,Cagliari,Sassuolo
19,10/01/2027,Como,Lazio
19,10/01/2027,Fiorentina,Lecce
19,10/01/2027,Inter,Juventus
19,10/01/2027,Monza,Frosinone
19,10/01/2027,Parma,Venezia
19,10/01/2027,Roma,Milan
19,10/01/2027,Torino,Atalanta
19,10/01/2027,Udinese,Napoli
20,17/01/2027,Atalanta,Roma
20,17/01/2027,Cagliari,Como
20,17/01/2027,Juventus,Genoa
20,17/01/2027,Lazio,Bologna
20,17/01/2027,Lecce,Udinese
20,17/01/2027,Milan,Torino
20,17/01/2027,Napoli,Fiorentina
20,17/01/2027,Parma,Inter
20,17/01/2027,Sassuolo,Monza
20,17/01/2027,Venezia,Frosinone
21,24/01/2027,Bologna,Atalanta
21,24/01/2027,Como,Napoli
21,24/01/2027,Fiorentina,Sassuolo
21,24/01/2027,Frosinone,Milan
21,24/01/2027,Genoa,Parma
21,24/01/2027,Inter,Venezia
21,24/01/2027,Juventus,Cagliari
21,24/01/2027,Lecce,Torino
21,24/01/2027,Monza,Lazio
21,24/01/2027,Roma,Udinese
22,31/01/2027,Atalanta,Fiorentina
22,31/01/2027,Cagliari,Parma
22,31/01/2027,Genoa,Lecce
22,31/01/2027,Lazio,Venezia
22,31/01/2027,Milan,Juventus
22,31/01/2027,Monza,Roma
22,31/01/2027,Napoli,Inter
22,31/01/2027,Sassuolo,Como
22,31/01/2027,Torino,Frosinone
22,31/01/2027,Udinese,Bologna
23,07/02/2027,Atalanta,Lazio
23,07/02/2027,Bologna,Milan
23,07/02/2027,Como,Monza
23,07/02/2027,Fiorentina,Udinese
23,07/02/2027,Inter,Cagliari
23,07/02/2027,Juventus,Sassuolo
23,07/02/2027,Lecce,Napoli
23,07/02/2027,Parma,Frosinone
23,07/02/2027,Roma,Torino
23,07/02/2027,Venezia,Genoa
24,14/02/2027,Bologna,Como
24,14/02/2027,Cagliari,Lazio
24,14/02/2027,Frosinone,Fiorentina
24,14/02/2027,Genoa,Atalanta
24,14/02/2027,Inter,Milan
24,14/02/2027,Monza,Lecce
24,14/02/2027,Napoli,Juventus
24,14/02/2027,Roma,Parma
24,14/02/2027,Torino,Sassuolo
24,14/02/2027,Udinese,Venezia
25,21/02/2027,Atalanta,Monza
25,21/02/2027,Como,Torino
25,21/02/2027,Fiorentina,Inter
25,21/02/2027,Juventus,Bologna
25,21/02/2027,Lazio,Napoli
25,21/02/2027,Lecce,Frosinone
25,21/02/2027,Milan,Genoa
25,21/02/2027,Sassuolo,Roma
25,21/02/2027,Udinese,Parma
25,21/02/2027,Venezia,Cagliari
26,28/02/2027,Bologna,Lecce
26,28/02/2027,Cagliari,Udinese
26,28/02/2027,Como,Milan
26,28/02/2027,Frosinone,Napoli
26,28/02/2027,Genoa,Lazio
26,28/02/2027,Inter,Atalanta
26,28/02/2027,Monza,Juventus
26,28/02/2027,Parma,Sassuolo
26,28/02/2027,Roma,Venezia
26,28/02/2027,Torino,Fiorentina
27,07/03/2027,Atalanta,Torino
27,07/03/2027,Fiorentina,Venezia
27,07/03/2027,Juventus,Roma
27,07/03/2027,Lazio,Frosinone
27,07/03/2027,Lecce,Como
27,07/03/2027,Milan,Cagliari
27,07/03/2027,Monza,Genoa
27,07/03/2027,Napoli,Parma
27,07/03/2027,Sassuolo,Bologna
27,07/03/2027,Udinese,Inter
28,14/03/2027,Bologna,Napoli
28,14/03/2027,Cagliari,Fiorentina
28,14/03/2027,Como,Udinese
28,14/03/2027,Frosinone,Monza
28,14/03/2027,Genoa,Roma
28,14/03/2027,Lazio,Juventus
28,14/03/2027,Milan,Sassuolo
28,14/03/2027,Parma,Lecce
28,14/03/2027,Torino,Inter
28,14/03/2027,Venezia,Atalanta
29,21/03/2027,Atalanta,Milan
29,21/03/2027,Fiorentina,Genoa
29,21/03/2027,Inter,Frosinone
29,21/03/2027,Juventus,Como
29,21/03/2027,Monza,Bologna
29,21/03/2027,Napoli,Venezia
29,21/03/2027,Parma,Lazio
29,21/03/2027,Roma,Lecce
29,21/03/2027,Sassuolo,Cagliari
29,21/03/2027,Udinese,Torino
30,04/04/2027,Cagliari,Napoli
30,04/04/2027,Como,Fiorentina
30,04/04/2027,Frosinone,Udinese
30,04/04/2027,Genoa,Inter
30,04/04/2027,Lecce,Lazio
30,04/04/2027,Milan,Monza
30,04/04/2027,Roma,Bologna
30,04/04/2027,Sassuolo,Atalanta
30,04/04/2027,Torino,Juventus
30,04/04/2027,Venezia,Parma
31,11/04/2027,Bologna,Venezia
31,11/04/2027,Cagliari,Atalanta
31,11/04/2027,Fiorentina,Milan
31,11/04/2027,Frosinone,Genoa
31,11/04/2027,Inter,Roma
31,11/04/2027,Juventus,Lecce
31,11/04/2027,Lazio,Torino
31,11/04/2027,Napoli,Sassuolo
31,11/04/2027,Parma,Como
31,11/04/2027,Udinese,Monza
32,18/04/2027,Atalanta,Udinese
32,18/04/2027,Bologna,Cagliari
32,18/04/2027,Como,Frosinone
32,18/04/2027,Fiorentina,Parma
32,18/04/2027,Milan,Napoli
32,18/04/2027,Monza,Inter
32,18/04/2027,Roma,Lazio
32,18/04/2027,Sassuolo,Lecce
32,18/04/2027,Torino,Genoa
32,18/04/2027,Venezia,Juventus
33,25/04/2027,Cagliari,Monza
33,25/04/2027,Frosinone,Roma
33,25/04/2027,Genoa,Sassuolo
33,25/04/2027,Inter,Bologna
33,25/04/2027,Juventus,Fiorentina
33,25/04/2027,Lazio,Como
33,25/04/2027,Lecce,Milan
33,25/04/2027,Napoli,Udinese
33,25/04/2027,Parma,Atalanta
33,25/04/2027,Venezia,Torino
34,02/05/2027,Atalanta,Juventus
34,02/05/2027,Bologna,Fiorentina
34,02/05/2027,Como,Inter
34,02/05/2027,Lecce,Cagliari
34,02/05/2027,Milan,Lazio
34,02/05/2027,Monza,Venezia
34,02/05/2027,Roma,Napoli
34,02/05/2027,Sassuolo,Frosinone
34,02/05/2027,Torino,Parma
34,02/05/2027,Udinese,Genoa
35,09/05/2027,Fiorentina,Roma
35,09/05/2027,Frosinone,Atalanta
35,09/05/2027,Genoa,Cagliari
35,09/05/2027,Inter,Lecce
35,09/05/2027,Lazio,Sassuolo
35,09/05/2027,Napoli,Monza
35,09/05/2027,Parma,Milan
35,09/05/2027,Torino,Bologna
35,09/05/2027,Udinese,Juventus
35,09/05/2027,Venezia,Como
36,16/05/2027,Bologna,Frosinone
36,16/05/2027,Cagliari,Torino
36,16/05/2027,Como,Atalanta
36,16/05/2027,Juventus,Inter
36,16/05/2027,Lazio,Udinese
36,16/05/2027,Lecce,Fiorentina
36,16/05/2027,Milan,Roma
36,16/05/2027,Monza,Parma
36,16/05/2027,Napoli,Genoa
36,16/05/2027,Sassuolo,Venezia
37,23/05/2027,Atalanta,Lecce
37,23/05/2027,Fiorentina,Monza
37,23/05/2027,Frosinone,Cagliari
37,23/05/2027,Genoa,Bologna
37,23/05/2027,Inter,Lazio
37,23/05/2027,Parma,Juventus
37,23/05/2027,Roma,Como
37,23/05/2027,Torino,Napoli
37,23/05/2027,Udinese,Sassuolo
37,23/05/2027,Venezia,Milan
38,30/05/2027,Bologna,Parma
38,30/05/2027,Cagliari,Roma
38,30/05/2027,Como,Genoa
38,30/05/2027,Juventus,Frosinone
38,30/05/2027,Lazio,Fiorentina
38,30/05/2027,Lecce,Venezia
38,30/05/2027,Milan,Udinese
38,30/05/2027,Monza,Torino
38,30/05/2027,Napoli,Atalanta
38,30/05/2027,Sassuolo,Inter
